,eps_grid,mse_aaa,wass_aaa,mse_est,wass_est
0,0.5,0.061745901595570724,0.08524000000000034,0.18018918700524425,0.1959948623478288
1,1.0,0.05880926263757677,0.07151400000000023,0.1425226271489497,0.11988199018648273
2,1.5,0.05623048330434289,0.05098000000000035,0.08660298393576453,0.08605843640739395
3,2.0,0.05523986868120022,0.023930000000000246,0.06498847385398784,0.05087786328370058
4,2.5,0.054111286751833076,0.02148200000000018,0.05033139168513994,0.0331887858966647
