,eps_grid,var_aaa,var_est,wass_aaa,wass_est
0,0.5,0.0479431838692938,0.19893739404163,3.7571947190147457,3.7527436869563697
1,1.0,0.040191853971820304,0.1283683247660844,3.738063129448819,3.7440054445010866
2,1.5,0.0322324904972648,0.08446343918738634,3.751371046379768,3.7447739763599026
3,2.0,0.02558379071620634,0.0633917121987613,3.749389291998582,3.756525679693714
4,2.5,0.019541601760215452,0.05482469802923956,3.7450913710928004,3.742561963740733
