,eps_grid,mse_aaa,wass_aaa,mse_est,wass_est
0,0.5,0.0479836361900097,0.4211980000000002,0.21762223274338094,1.9396192922828561
1,1.0,0.03972649866502857,0.40361800000000014,0.14371678706640234,1.1738325608247009
2,1.5,0.03244178328428597,0.4080120000000002,0.09762338017106872,0.8944123783147582
3,2.0,0.02559854072021069,0.3988260000000005,0.07051025961962072,0.6725370352044092
4,2.5,0.01969271525503995,0.4064179999999996,0.053925233339335674,0.4724056492181659
