,eps_grid,var_aaa,var_est,wass_aaa,wass_est
0,0.5,0.053158825672518936,0.1066508334862243,0.21934902777777784,0.319373642342058
1,1.0,0.040731768617125186,0.1002128771395902,0.08038361111111114,0.1289907940160681
2,1.5,0.03193456188873668,0.09114199459755509,0.0316661805555557,0.06783811000946577
3,2.0,0.024825615464731013,0.07930660373327691,0.016223333333333357,0.04209828112478106
4,2.5,0.01948027537651525,0.06532145293831045,0.019616736111111213,0.02904713238710227
