,eps_grid,var_aaa,var_est,wass_aaa,wass_est
0,0.5,0.05310433182359765,0.10667007295181398,0.26631097222222194,0.32364671107554677
1,1.0,0.04045178347874299,0.100230955218667,0.06893534722222198,0.11822800874163139
2,1.5,0.032151279251178076,0.09115843631874485,0.0326825000000002,0.07278488590708578
3,2.0,0.024968751330413083,0.07932091038821515,0.028112222222222573,0.04514899938353238
4,2.5,0.01956274296977438,0.06533323671725519,0.017048541666666948,0.029066217041010787
