,eps_grid,mse_aaa,wass_aaa,mse_est,wass_est
0,0.5,0.06408231708029836,0.46337600000000023,0.20384661987570812,0.4069111311133671
1,1.0,0.0499896568557647,0.1597340000000002,0.14209963598994102,0.258012789024886
2,1.5,0.044231072257403026,0.07758000000000005,0.08907695696510073,0.14950042463067495
3,2.0,0.039825546979431956,0.14475199999999988,0.06660846945861956,0.12090794940934278
4,2.5,0.03584023636652235,0.08816599999999994,0.04919960705148732,0.08995373225201077
