,eps_grid,var_aaa,var_est,wass_aaa,wass_est
0,0.5,0.05135304703366126,0.19882081966355164,0.19195009999999996,0.19061219477366603
1,1.0,0.0411451384775309,0.12827557977674783,0.18677979999999997,0.18589127080588191
2,1.5,0.03213916967272642,0.08438342516991354,0.18798969999999995,0.18828656256855109
3,2.0,0.02520289204475533,0.06333409002459077,0.18790199999999996,0.18828817097876593
4,2.5,0.01950372645848613,0.0547540453477009,0.18734549999999997,0.18711704551848116
