,eps_grid,var_aaa,var_est,wass_aaa,wass_est
0,0.5,0.05105647762276527,0.19889329113312537,3.894113434834299,3.8932673484569458
1,1.0,0.03966645233788522,0.12833323709204833,3.6829068219908994,3.6922919339398987
2,1.5,0.032323004320568074,0.08443316794811527,3.757458150876324,3.7738829189141168
3,2.0,0.025253383126414206,0.0633699123357282,3.7575098071821493,3.76033817086009
4,2.5,0.019561269010683866,0.054797968409910955,3.745427394798634,3.7561208597600286
