,x_grid,x_q
0,0.0,0.1
1,0.1,0.1
2,0.2,0.1
3,0.30000000000000004,0.1
4,0.4,0.1
5,0.5,0.1
6,0.6000000000000001,0.1
7,0.7000000000000001,0.1
8,0.8,0.1
9,0.9,0.1
